,City,Cloudiness,Country,Date,Humidity,Lat,Lng,Max Temp,Wind Speed
0,tigre,40.0,AR,1546365600,66.0,-34.42,-58.58,87.8,11.41
1,albany,90.0,US,1546365420,67.0,42.65,-73.75,39.92,16.11
2,kodiak,90.0,US,1546365300,84.0,39.95,-94.76,17.6,12.75
3,hobart,20.0,AU,1546365600,51.0,-42.88,147.33,59.0,9.17
5,hithadhoo,24.0,MV,1546367049,100.0,-0.6,73.08,82.55,7.74
6,yellowknife,20.0,CA,1546362000,84.0,62.45,-114.38,3.2,12.75
7,castro,75.0,CL,1546365600,71.0,-42.48,-73.76,53.6,9.17
8,rikitea,92.0,PF,1546367053,100.0,-23.12,-134.97,71.3,7.63
10,kapaa,90.0,US,1546365360,90.0,22.08,-159.32,73.04,13.87
11,saskylakh,12.0,RU,1546367055,62.0,71.97,114.09,-3.32,11.54
12,inongo,36.0,CD,1546367057,94.0,-1.93,18.29,76.97,1.25
13,jalu,68.0,LY,1546367058,57.0,29.03,21.55,55.86,9.19
14,yar-sale,36.0,RU,1546367059,88.0,66.83,70.83,2.09,19.93
15,new norfolk,20.0,AU,1546365600,51.0,-42.78,147.06,59.0,9.17
16,lagoa,0.0,PT,1546363800,76.0,37.14,-8.45,57.2,6.93
17,hilo,90.0,US,1546365180,90.0,19.71,-155.08,69.98,3.36
18,mahebourg,75.0,MU,1546365600,94.0,-20.41,57.7,77.0,2.24
19,cockburn town,0.0,TC,1546367065,100.0,21.46,-71.14,78.95,19.6
20,gravdal,20.0,NO,1546365000,65.0,59.79,5.78,42.8,31.09
21,qaanaaq,44.0,GL,1546367068,95.0,77.48,-69.36,-2.69,13.67
22,yantal,8.0,RU,1546367069,49.0,56.85,105.25,-30.59,2.37
23,southbridge,20.0,US,1546365360,62.0,42.08,-72.03,51.98,29.97
24,victoria,75.0,BN,1546365600,94.0,5.28,115.24,77.0,3.36
25,saldanha,0.0,PT,1546367073,92.0,41.42,-6.55,38.45,1.92
27,bagotville,0.0,AU,1546365600,88.0,-28.98,153.42,64.4,3.36
28,cape town,90.0,ZA,1546365600,82.0,-33.93,18.42,68.0,17.22
29,cidreira,0.0,BR,1546367077,71.0,-30.17,-50.22,86.96,13.22
30,barrow,56.0,AR,1546367078,47.0,-38.31,-60.23,86.33,8.75
31,hermanus,80.0,ZA,1546367079,81.0,-34.42,19.24,65.58,5.17
32,punta arenas,40.0,CL,1546365600,43.0,-53.16,-70.91,51.8,26.4
34,pitimbu,40.0,BR,1546365600,62.0,-7.47,-34.81,86.0,14.99
36,ahipara,92.0,NZ,1546367083,100.0,-35.17,173.16,65.18,6.17
37,oranjemund,0.0,ZA,1546367084,92.0,-28.55,16.43,63.38,19.26
39,arraial do cabo,20.0,BR,1546365600,66.0,-22.97,-42.02,95.0,18.34
41,jamestown,0.0,AU,1546367087,72.0,-33.21,138.6,58.2,4.16
42,sile,90.0,US,1546366620,70.0,35.56,-106.37,19.94,23.04
43,talara,0.0,PE,1546365600,290.0,-4.58,-81.27,62.6,13.87
44,atuona,92.0,PF,1546367090,100.0,-9.8,-139.03,78.23,14.67
45,airai,88.0,TL,1546367091,92.0,-8.93,125.41,70.26,1.59
46,ponta do sol,64.0,BR,1546367093,88.0,-20.63,-46,77.42,6.73
47,mount gambier,90.0,AU,1546365600,82.0,-37.83,140.78,60.8,8.05
48,margate,20.0,AU,1546365600,51.0,-43.03,147.26,59.0,9.17
49,kroonstad,44.0,ZA,1546367096,80.0,-27.65,27.24,66.71,6.51
51,aklavik,20.0,CA,1546365600,73.0,68.22,-135.01,26.6,4.7
52,rio gallegos,75.0,AR,1546365600,24.0,-51.62,-69.22,57.2,27.51
53,bredasdorp,92.0,ZA,1546365600,82.0,-34.53,20.04,66.2,12.75
54,hami,24.0,CN,1546367101,45.0,42.84,93.51,-2.1,1.59
55,pisco,0.0,PE,1546365600,30.0,-13.71,-76.2,71.6,12.75
56,nikolskoye,90.0,RU,1546365600,93.0,59.7,30.79,33.8,11.18
58,sohag,0.0,EG,1546362000,47.0,26.55,31.7,59.0,6.93
59,vaini,0.0,IN,1546367106,49.0,15.34,74.49,63.74,6.06
60,teluknaga,75.0,ID,1546365600,83.0,-6.1,106.64,77.0,8.05
61,komyshuvakha,48.0,UA,1546367108,72.0,48.64,37.46,14.6,4.5
62,formosa,75.0,AR,1546365600,63.0,-26.19,-58.17,95.0,8.05
63,mataura,8.0,NZ,1546367111,61.0,-46.19,168.86,68.51,19.71
64,waddan,92.0,LY,1546367112,65.0,29.16,16.14,51.23,17.25
65,butaritari,88.0,KI,1546367113,100.0,3.07,172.79,82.1,19.71
66,te anau,44.0,NZ,1546367052,81.0,-45.41,167.72,59.69,13.0
67,westport,90.0,IE,1546365600,100.0,53.8,-9.52,46.4,4.7
68,bethel,90.0,US,1546365360,92.0,60.79,-161.76,30.92,20.8
69,dikson,68.0,RU,1546367119,100.0,73.51,80.55,14.06,31.12
70,portland,90.0,US,1546365180,92.0,45.52,-122.67,32.0,1.92
71,beringovskiy,36.0,RU,1546367121,100.0,63.05,179.32,-11.15,15.01
72,narsaq,88.0,GL,1546367122,82.0,60.91,-46.05,31.43,14.12
73,tawang,0.0,BT,1546367123,67.0,27.59,91.87,23.28,1.59
74,auki,0.0,NG,1546367125,24.0,12.18,6.51,78.18,9.42
75,shaowu,88.0,CN,1546367126,100.0,27.34,117.49,36.74,1.7
76,palmer,0.0,AU,1546365600,72.0,-34.85,139.16,62.6,4.7
77,pervomayskoye,48.0,RU,1546367128,78.0,57.07,86.23,-0.53,7.85
78,les cayes,0.0,HT,1546367130,96.0,18.19,-73.75,80.84,13.78
79,busselton,0.0,AU,1546367131,100.0,-33.64,115.35,65.76,13.78
80,ballina,90.0,IE,1546365600,100.0,54.11,-9.15,46.4,4.7
81,dingle,76.0,PH,1546367133,91.0,11.0,122.67,76.16,12.66
82,ville-marie,1.0,CA,1546365600,69.0,47.33,-79.44,-7.61,6.93
83,bluff,0.0,AU,1546367136,87.0,-23.58,149.07,67.52,6.96
84,cabo san lucas,90.0,MX,1546365060,55.0,22.89,-109.91,64.4,3.36
85,port alfred,100.0,ZA,1546367138,83.0,-33.59,26.89,70.22,15.46
86,grafenau,92.0,DE,1546367139,96.0,48.86,13.39,36.11,19.6
87,nanortalik,88.0,GL,1546367140,91.0,60.14,-45.24,34.4,34.58
88,thunder bay,40.0,CA,1546365600,58.0,48.41,-89.26,-2.21,8.05
90,carnarvon,0.0,ZA,1546367143,18.0,-30.97,22.13,83.18,15.46
91,jiangyou,48.0,CN,1546367144,96.0,31.78,104.73,26.88,2.26
92,tiksi,36.0,RU,1546367145,76.0,71.64,128.87,2.27,22.28
93,jaisalmer,0.0,IN,1546367146,83.0,26.91,70.91,50.1,4.27
94,rongcheng,56.0,CN,1546367147,93.0,37.16,122.42,28.19,8.63
96,grindavik,75.0,IS,1546365600,100.0,63.84,-22.43,39.2,29.97
97,quatre cocos,75.0,MU,1546365600,94.0,-20.21,57.76,77.0,2.24
98,kahului,40.0,US,1546365360,76.0,20.89,-156.47,75.02,19.46
99,mahibadhoo,88.0,MV,1546367152,100.0,3.78,72.97,83.18,17.47
100,labuhan,92.0,ID,1546367153,99.0,-2.54,115.51,71.25,1.36
101,mar del plata,80.0,AR,1546367155,38.0,-46.43,-67.52,64.01,8.63
102,ushuaia,40.0,AR,1546365600,70.0,-54.81,-68.31,48.2,36.91
103,bulancak,40.0,TR,1546365000,65.0,40.94,38.23,44.6,8.05
104,lebu,0.0,ET,1546365600,44.0,8.96,38.73,59.0,9.17
105,saint george,40.0,GR,1546365000,60.0,39.45,22.34,42.8,1.7
106,bourg-en-bresse,90.0,FR,1546365600,87.0,46.21,5.22,44.6,10.29
107,longyearbyen,40.0,NO,1546361400,65.0,78.22,15.63,3.2,10.29
108,otukpo,8.0,NG,1546367163,21.0,7.19,8.13,86.42,10.54
109,riyadh,0.0,SA,1546365600,67.0,24.63,46.72,62.6,4.7
110,fort-shevchenko,88.0,KZ,1546367165,100.0,44.51,50.26,33.9,11.77
111,saint-pierre,90.0,FR,1546365600,100.0,48.95,4.24,44.6,9.17
112,thompson,75.0,CA,1546362000,68.0,55.74,-97.86,-20.21,4.7
113,bathsheba,40.0,BB,1546365600,61.0,13.22,-59.52,82.4,19.46
114,brae,32.0,GB,1546365000,64.0,60.4,-1.35,39.2,23.04
115,ambovombe,32.0,MG,1546367171,65.0,-25.18,46.09,83.45,17.69
116,gigmoto,92.0,PH,1546367173,100.0,13.78,124.39,76.88,16.02
117,shunyi,0.0,CN,1546365600,51.0,40.13,116.65,12.2,4.47
118,east london,75.0,ZA,1546365600,82.0,-33.02,27.91,68.0,14.99
119,jackson,90.0,US,1546366500,76.0,35.61,-88.82,50.0,11.41
120,matadi,80.0,CD,1546367177,100.0,-5.83,13.46,72.38,4.38
121,chokurdakh,64.0,RU,1546367179,77.0,70.62,147.9,2.27,18.59
122,takoradi,0.0,GH,1546367180,91.0,4.89,-1.75,85.38,8.86
123,upernavik,68.0,GL,1546367181,100.0,72.79,-56.15,14.69,14.23
125,tezu,0.0,IN,1546367182,52.0,27.93,96.16,48.08,2.15
126,oga,0.0,NG,1546367183,41.0,8.18,5.65,80.25,3.27
129,klaksvik,44.0,FO,1546365000,100.0,62.23,-6.59,32.0,3.36
130,ituacu,0.0,BR,1546367186,74.0,-13.81,-41.3,83.09,4.83
131,abapo,8.0,BO,1546367187,45.0,-18.83,-63.47,90.38,3.15
132,chuy,56.0,UY,1546367188,84.0,-33.69,-53.46,81.2,15.79
134,tuatapere,8.0,NZ,1546367189,81.0,-46.13,167.69,63.33,19.48
135,lasa,75.0,CY,1546365600,82.0,34.92,32.53,55.4,6.93
136,talnakh,76.0,RU,1546367192,86.0,69.49,88.39,6.63,20.27
137,saint-philippe,75.0,CA,1546365600,64.0,45.36,-73.48,33.8,17.22
138,fairbanks,75.0,US,1546365480,59.0,64.84,-147.72,35.06,10.29
139,agropoli,0.0,IT,1546367195,100.0,40.35,15,48.35,11.54
140,afsin,88.0,TR,1546367196,84.0,38.25,36.91,18.33,2.71
141,santa maria da boa vista,0.0,BR,1546367198,28.0,-8.8,-39.83,95.51,11.54
142,qasigiannguit,75.0,GL,1546365000,54.0,68.82,-51.19,30.2,20.8
143,jumla,88.0,NP,1546367200,89.0,29.28,82.18,16.49,2.37
144,beaufort,75.0,MY,1546365600,94.0,5.36,115.76,77.0,3.36
145,mattru,0.0,SL,1546367203,25.0,7.62,-11.83,95.1,7.4
146,torbay,75.0,CA,1546365600,72.0,47.66,-52.73,17.6,6.93
147,may pen,20.0,JM,1546365600,43.0,17.97,-77.26,87.8,20.8
148,khatanga,36.0,RU,1546367206,74.0,71.98,102.47,0.47,11.65
149,muros,0.0,ES,1546365600,75.0,42.77,-9.06,46.4,2.24
150,port elizabeth,40.0,US,1546365360,57.0,39.31,-74.98,60.26,12.75
151,puerto ayora,75.0,EC,1546365600,66.0,-0.74,-90.35,84.2,20.8
152,avarua,75.0,CK,1546365600,88.0,-21.21,-159.78,82.4,11.41
154,tiznit,12.0,MA,1546367213,59.0,29.7,-9.73,60.45,5.06
155,paris,90.0,FR,1546363800,87.0,48.86,2.35,46.4,3.36
156,half moon bay,75.0,US,1546365360,31.0,37.46,-122.43,50.0,9.17
157,leningradskiy,80.0,RU,1546367216,87.0,69.38,178.42,-10.25,26.31
158,ribeira grande,75.0,PT,1546363800,82.0,38.52,-28.7,64.4,19.46
159,port moresby,68.0,PG,1546367218,100.0,-9.47,147.16,82.19,31.34
160,fort nelson,75.0,CA,1546365600,73.0,58.81,-122.69,24.8,9.17
161,tasiilaq,92.0,GL,1546365000,98.0,65.61,-37.64,32.0,48.32
162,vershino-darasunskiy,0.0,RU,1546367222,49.0,52.35,115.52,-30.99,2.59
163,hirara,92.0,JP,1546367223,100.0,24.8,125.28,69.77,22.06
164,hofn,68.0,IS,1546367097,100.0,64.25,-15.21,36.56,15.35
165,itumbiara,32.0,BR,1546367225,100.0,-18.41,-49.22,82.46,8.08
166,salinopolis,20.0,BR,1546367227,97.0,-0.61,-47.36,81.92,8.97
167,vostok,48.0,RU,1546367228,85.0,46.45,135.83,-0.89,2.37
168,cherskiy,48.0,RU,1546367229,84.0,68.75,161.3,-19.7,5.73
169,najran,0.0,SA,1546362000,34.0,17.54,44.22,68.0,5.82
170,nouadhibou,0.0,MR,1546362000,41.0,20.93,-17.03,86.0,2.24
171,tahoua,0.0,NE,1546365600,11.0,14.89,5.26,77.0,9.17
172,shush,44.0,RU,1546367234,79.0,55.6,89.45,-4.31,2.93
173,lyuban,92.0,BY,1546367235,94.0,52.8,28,34.58,19.71
174,san quintin,24.0,PH,1546367236,87.0,17.54,120.52,70.04,2.26
175,moyale,0.0,ET,1546367237,39.0,3.52,39.05,72.38,8.41
176,nuevo progreso,90.0,US,1546365300,62.0,26.05,-97.95,73.04,13.87
177,otane,0.0,NZ,1546367240,91.0,-39.89,176.62,55.5,2.59
179,bilibino,20.0,RU,1546367241,57.0,68.06,166.44,-33.74,2.04
180,kruisfontein,20.0,ZA,1546367242,85.0,-34.0,24.73,66.89,16.02
181,jizan,0.0,SA,1546362000,74.0,16.89,42.56,80.6,4.7
182,bambous virieux,75.0,MU,1546365600,94.0,-20.34,57.76,77.0,2.24
183,lisakovsk,48.0,KZ,1546367246,58.0,52.55,62.49,-6.11,3.15
185,isangel,88.0,VU,1546367247,100.0,-19.55,169.27,78.41,17.69
186,provideniya,8.0,RU,1546367248,100.0,64.42,-173.23,-2.24,5.84
187,boo,12.0,NG,1546367250,20.0,7.44,8.9,87.36,11.77
188,katsuura,75.0,JP,1546365600,52.0,33.93,134.5,44.6,20.8
189,comodoro rivadavia,40.0,AR,1546365600,78.0,-45.87,-67.48,64.4,10.29
190,gawler,0.0,AU,1546365600,72.0,-34.6,138.75,62.6,4.7
191,kollam,20.0,IN,1546365600,88.0,8.88,76.6,78.8,8.52
192,vila franca do campo,20.0,PT,1546363800,82.0,37.72,-25.43,64.4,12.75
193,lata,92.0,IN,1546367257,78.0,30.78,78.62,35.25,1.81
194,dunedin,20.0,NZ,1546367258,69.0,-45.87,170.5,66.53,10.54
195,nishihara,1.0,JP,1546365600,71.0,35.74,139.53,39.2,3.38
196,souillac,90.0,FR,1546365600,75.0,45.6,-0.6,46.4,8.05
197,fortuna,0.0,ES,1546365600,76.0,38.18,-1.13,55.4,8.05
198,tari,0.0,NG,1546367266,24.0,12.41,4.49,80.3,7.63
199,noumea,20.0,NC,1546365600,83.0,-22.28,166.46,71.6,15.79
200,sitka,80.0,US,1546367269,64.0,37.17,-99.65,16.35,9.98
201,constitucion,90.0,MX,1546364940,33.0,23.99,-104.67,46.4,5.17
202,nara,90.0,JP,1546365600,56.0,34.68,135.8,44.6,20.8
203,cap malheureux,75.0,MU,1546365600,94.0,-19.98,57.61,77.0,2.24
204,norman wells,75.0,CA,1546365600,91.0,65.28,-126.83,3.2,8.05
205,palomares,0.0,ES,1546365600,86.0,40.39,-5.74,37.4,2.24
206,hervey bay,32.0,AU,1546365600,88.0,-25.3,152.85,68.0,6.93
207,saint anthony,1.0,US,1546365360,74.0,43.97,-111.68,6.98,4.7
208,lac du bonnet,0.0,CA,1546367278,74.0,50.25,-96.06,-11.37,7.85
209,emba,75.0,CY,1546365600,82.0,34.81,32.42,55.4,6.93
210,jiaozuo,0.0,CN,1546367280,58.0,35.21,113.25,5.1,2.15
211,tautira,20.0,PF,1546365600,62.0,-17.73,-149.15,86.0,11.41
212,althofen,0.0,AT,1546365000,92.0,46.87,14.47,28.4,2.24
213,caraballeda,20.0,VE,1546365600,61.0,10.61,-66.85,82.4,5.82
214,sistranda,75.0,NO,1546365000,64.0,63.73,8.83,37.4,31.09
215,los llanos de aridane,0.0,ES,1546365600,68.0,28.66,-17.92,69.8,4.7
216,baykit,48.0,RU,1546367288,59.0,61.68,96.39,-13.13,6.17
217,olinda,90.0,EC,1546365600,74.0,-2.03,-79.75,82.4,4.7
219,san cristobal,20.0,EC,1546365600,21.0,-0.39,-78.55,78.8,13.87
220,kutum,8.0,SD,1546367292,51.0,14.2,24.66,64.1,5.61
221,kemin,68.0,KG,1546367293,59.0,42.79,75.7,5.33,1.36
222,channel-port aux basques,92.0,CA,1546367294,100.0,47.57,-59.14,30.62,28.88
223,palauig,24.0,PH,1546367295,88.0,15.44,119.9,77.24,9.31
224,nome,1.0,US,1546366500,57.0,30.04,-94.42,64.04,10.29
225,tamsalu,88.0,EE,1546367297,98.0,59.16,26.11,35.66,10.98
226,severo-yeniseyskiy,48.0,RU,1546367299,62.0,60.37,93.04,-3.41,5.06
228,port lincoln,0.0,AU,1546367300,99.0,-34.72,135.86,62.75,8.97
229,meulaboh,0.0,ID,1546367301,100.0,4.14,96.13,79.13,4.94
230,nuuk,48.0,GL,1546365000,86.0,64.17,-51.74,26.6,13.87
231,vao,88.0,EE,1546367304,98.0,59.1,26.19,35.66,10.98
232,ewa beach,20.0,US,1546365420,84.0,21.32,-158.01,75.92,5.82
233,komsomolskiy,68.0,RU,1546367306,83.0,67.55,63.78,14.24,18.7
234,peace river,75.0,CA,1546365600,75.0,56.23,-117.29,32.0,17.22
235,la ronge,90.0,CA,1546365600,77.0,55.1,-105.3,6.8,10.29
236,seoul,0.0,KR,1546365600,61.0,37.57,126.98,19.4,1.12
237,caravelas,0.0,BR,1546367311,100.0,-17.73,-39.27,80.75,12.1
238,georgetown,40.0,GY,1546365600,69.0,6.8,-58.16,82.4,11.41
239,teguise,0.0,ES,1546365600,63.0,29.06,-13.56,66.2,10.29
240,kafanchan,0.0,NG,1546367314,30.0,9.58,8.3,75.17,8.97
241,kwinana,90.0,AU,1546365600,100.0,-32.25,115.77,68.0,10.29
242,ust-kuyga,64.0,RU,1546367317,75.0,70.0,135.55,-3.77,14.34
243,port pirie,0.0,AU,1546365600,72.0,-33.18,138.01,68.0,13.87
244,gribanovskiy,88.0,RU,1546367319,89.0,51.46,41.98,15.86,6.4
245,harper,90.0,US,1546365300,84.0,30.3,-99.24,41.0,11.41
246,iqaluit,40.0,CA,1546365600,69.0,63.75,-68.52,-13.01,3.36
247,kimbe,92.0,PG,1546367323,100.0,-5.56,150.15,75.03,8.63
248,ihlow,75.0,DE,1546366800,92.0,52.62,14.07,41.0,27.51
249,tuktoyaktuk,75.0,CA,1546365600,92.0,69.44,-133.03,17.6,10.29
250,tahe,0.0,CN,1546367326,73.0,52.34,124.71,-0.35,5.95
251,manaquiri,40.0,BR,1546365600,66.0,-3.43,-60.46,87.8,9.17
253,kibre mengist,12.0,ET,1546367329,34.0,5.87,38.99,64.86,4.38
254,bolitoc,24.0,PH,1546367330,88.0,15.74,119.88,77.24,9.31
255,port macquarie,0.0,AU,1546365600,83.0,-31.43,152.91,69.8,4.7
256,dulian,20.0,PH,1546365600,88.0,7.0,122.07,77.0,1.12
257,mao,40.0,DO,1546365600,78.0,19.55,-71.08,80.6,9.17
258,quirinopolis,36.0,BR,1546367335,81.0,-18.45,-50.45,84.62,8.52
259,san blas,44.0,MX,1546367336,55.0,21.54,-105.29,73.82,3.27
260,athboy,75.0,IE,1546365600,86.0,53.62,-6.92,44.6,5.82
261,belmonte,12.0,PT,1546367339,88.0,40.36,-7.35,41.33,3.04
262,touros,40.0,BR,1546365600,59.0,-5.2,-35.46,89.6,14.99
263,pokrovsk,68.0,UA,1546367341,82.0,48.28,37.18,13.38,3.94
264,payo,56.0,ID,1546367342,88.0,-3.75,103.64,75.75,4.27
265,preobrazheniye,0.0,RU,1546367344,76.0,42.9,133.91,-0.89,4.38
266,palang,68.0,ID,1546367345,98.0,-6.91,112.13,71.61,4.05
267,ormiston,40.0,GB,1546365000,74.0,55.91,-2.94,41.0,2.24
268,deer lake,90.0,CA,1546365600,78.0,49.18,-57.43,14.0,8.05
269,myrtle beach,90.0,US,1546366500,76.0,33.7,-78.89,75.2,17.22
270,chaman,64.0,AF,1546367349,94.0,30.92,66.46,40.88,7.63
271,paamiut,92.0,GL,1546367351,80.0,61.99,-49.67,37.37,7.85
273,namatanai,88.0,PG,1546367352,100.0,-3.66,152.44,78.32,8.86
274,ancud,75.0,CL,1546365600,71.0,-41.87,-73.83,53.6,9.17
275,pevek,36.0,RU,1546367354,100.0,69.7,170.27,-23.48,1.25
276,buchanan,40.0,LR,1546365600,70.0,5.88,-10.05,87.8,3.36
277,quimper,90.0,FR,1546365600,76.0,48.0,-4.1,48.2,3.36
278,luena,56.0,AO,1546367358,89.0,-11.78,19.91,72.06,2.82
279,ostrovnoy,80.0,RU,1546367359,89.0,68.05,39.51,17.7,6.4
280,ciudad ojeda,0.0,VE,1546367360,67.0,10.22,-71.33,87.86,5.17
281,huangnihe,0.0,CN,1546367362,74.0,43.56,128.02,-12.0,3.15
282,hualmay,12.0,PE,1546367363,63.0,-11.1,-77.61,77.87,5.84
283,deputatskiy,48.0,RU,1546367364,69.0,69.3,139.9,-6.83,16.24
284,itarema,56.0,BR,1546367365,92.0,-2.92,-39.92,81.29,12.88
285,sinegorye,64.0,RU,1546367366,37.0,62.09,150.53,-26.99,2.15
286,boa vista,75.0,BR,1546365600,38.0,2.82,-60.67,91.4,11.41
287,buriti dos lopes,20.0,BR,1546365600,49.0,-3.18,-41.87,89.6,19.46
288,kangaatsiaq,8.0,GL,1546367370,100.0,68.31,-53.46,23.15,6.85
289,cap-aux-meules,90.0,CA,1546365600,92.0,47.38,-61.86,26.6,23.04
290,nouakchott,0.0,MR,1546365600,11.0,18.08,-15.98,91.4,10.29
291,vanderhoof,88.0,CA,1546367374,91.0,54.02,-124.02,29.54,4.5
292,iskateley,76.0,RU,1546367375,85.0,67.68,53.15,19.28,14.23
293,san patricio,24.0,PY,1546367376,67.0,-26.98,-56.83,93.3,3.71
294,hazorasp,90.0,UZ,1546365600,100.0,41.32,61.08,23.0,6.93
295,mayo,90.0,CA,1546365600,85.0,63.59,-135.9,21.2,12.75
296,pangnirtung,20.0,CA,1546365600,57.0,66.15,-65.72,-9.41,4.7
297,xuddur,0.0,SO,1546367381,44.0,4.12,43.89,77.6,8.75
298,soverato,20.0,IT,1546365000,57.0,38.69,16.55,48.2,3.36
299,north bend,1.0,US,1546365360,79.0,43.41,-124.22,39.92,3.36
300,port hedland,0.0,AU,1546365600,88.0,-20.31,118.58,78.8,8.05
301,abaza,88.0,RU,1546367386,66.0,52.65,90.1,-5.57,2.37
302,broken hill,0.0,AU,1546365600,33.0,-31.97,141.45,77.0,14.99
303,yulara,20.0,AU,1546365600,15.0,-25.24,130.99,75.2,4.7
304,arrifes,20.0,PT,1546363800,82.0,37.77,-25.7,64.4,12.75
306,ustyuzhna,92.0,RU,1546367391,88.0,58.84,36.43,30.53,16.58
309,filadelfia,8.0,PY,1546367393,67.0,-22.35,-60.04,93.21,13.78
310,puri,20.0,ID,1546365600,83.0,-7.54,112.45,80.6,6.93
311,punta alta,20.0,AR,1546365600,53.0,-27.46,-55.82,96.8,10.29
312,lochgilphead,8.0,GB,1546365000,69.0,56.04,-5.43,37.4,6.93
313,taoudenni,0.0,ML,1546367397,26.0,22.68,-3.98,65.0,10.2
314,aswan,80.0,EG,1546367399,73.0,24.09,32.9,56.81,5.28
316,henties bay,12.0,NA,1546367400,91.0,-22.12,14.28,65.09,11.65
317,kyzyl-suu,0.0,KG,1546367401,100.0,42.34,78,18.11,3.71
318,corsicana,90.0,US,1546366500,78.0,32.09,-96.46,44.6,12.75
319,merauke,92.0,ID,1546367405,100.0,-8.49,140.4,75.17,13.44
320,at-bashi,64.0,KG,1546367407,77.0,41.17,75.81,5.06,1.25
324,cap-chat,88.0,CA,1546367408,93.0,49.1,-66.68,27.78,3.27
327,dawei,0.0,MM,1546367410,61.0,14.07,98.19,74.54,5.06
328,kavieng,76.0,PG,1546367412,100.0,-2.57,150.8,80.7,13.67
329,ardalstangen,90.0,NO,1546365000,100.0,61.24,7.7,30.2,20.8
331,havre-saint-pierre,90.0,CA,1546366140,92.0,50.23,-63.6,28.4,11.41
332,walvis bay,0.0,NA,1546362000,64.0,-22.95,14.51,69.8,18.34
333,guerrero negro,56.0,MX,1546367418,85.0,27.97,-114.04,60.41,4.16
334,tocopilla,8.0,CL,1546367419,81.0,-22.09,-70.2,70.08,5.61
335,san rafael,0.0,AR,1546367421,27.0,-34.61,-68.33,89.21,7.63
336,kaitangata,8.0,NZ,1546367422,60.0,-46.28,169.85,67.88,18.48
337,padang,40.0,ID,1546365600,94.0,-0.92,100.36,77.0,3.36
339,esperance,40.0,TT,1546365600,58.0,10.24,-61.45,84.2,14.99
340,vila velha,20.0,BR,1546365600,58.0,-3.71,-38.6,87.8,17.22
341,erenhot,36.0,CN,1546367428,40.0,43.65,111.97,-14.75,3.27
342,biak,44.0,ID,1546367429,95.0,-0.91,122.88,79.53,2.93
343,lanzhou,0.0,CN,1546365600,84.0,36.06,103.82,3.2,6.71
344,ballarat,88.0,AU,1546367432,98.0,-37.56,143.86,56.76,5.06
345,kardla,88.0,EE,1546365000,100.0,58.44,26.57,35.6,10.29
346,ambanja,24.0,MG,1546367434,92.0,-13.68,48.45,72.33,2.93
348,mehriz,0.0,IR,1546365600,28.0,31.58,54.44,42.8,2.24
349,mineiros,64.0,BR,1546367437,76.0,-17.57,-52.55,79.49,8.63
352,poronaysk,0.0,RU,1546367438,97.0,49.22,143.1,-3.09,4.72
353,lucea,20.0,JM,1546365600,62.0,18.44,-78.17,86.0,18.34
354,tongliao,0.0,CN,1546367441,66.0,43.61,122.27,-0.44,10.09
355,cururupu,68.0,BR,1546367442,72.0,-1.82,-44.87,85.38,7.96
356,mehamn,75.0,NO,1546363200,73.0,71.03,27.85,24.8,16.11
357,vallenar,0.0,CL,1546367445,71.0,-28.58,-70.76,77.6,3.04
358,tessalit,0.0,ML,1546367446,20.0,20.2,1.01,65.36,6.4
359,luau,24.0,CD,1546367447,76.0,-10.7,22.23,74.9,2.71
361,coihaique,75.0,CL,1546365600,57.0,-45.58,-72.07,51.8,4.7
362,tazovskiy,56.0,RU,1546367449,79.0,67.47,78.7,8.88,16.35
363,zhigansk,76.0,RU,1546367451,66.0,66.77,123.37,-14.57,7.18
364,houma,0.0,CN,1546367452,79.0,35.63,111.36,5.06,2.48
365,moron,64.0,VE,1546367453,52.0,10.49,-68.2,83.09,3.71
366,mayumba,92.0,GA,1546367538,100.0,-3.44,10.65,73.1,4.61
367,sambava,56.0,MG,1546367456,100.0,-14.27,50.17,80.88,11.77
368,atocha,75.0,EC,1546365600,51.0,-1.22,-78.6,84.2,6.93
369,ustka,92.0,PL,1546367459,94.0,54.58,16.86,41.1,26.75
370,sept-iles,90.0,CA,1546366440,85.0,50.2,-66.38,23.0,8.05
371,dhidhdhoo,0.0,MV,1546367442,100.0,6.88,73.1,83.31,13.22
372,lincoln,90.0,US,1546366500,65.0,40.8,-96.67,11.3,10.29
373,dakar,0.0,SN,1546365600,47.0,14.69,-17.45,87.8,6.93
374,saint-denis,90.0,FR,1546365600,87.0,48.94,2.36,46.4,4.7
375,ulaangom,48.0,MN,1546367466,67.0,49.98,92.07,-19.25,0.58
376,umm kaddadah,0.0,SD,1546367467,44.0,13.6,26.69,65.36,6.62
377,port-cartier,90.0,CA,1546366440,85.0,50.03,-66.88,23.0,8.05
379,kaitong,32.0,CN,1546367470,63.0,44.81,123.15,0.83,8.41
380,nakusp,36.0,CA,1546367471,85.0,50.24,-117.8,10.46,0.69
381,jacqueville,8.0,CI,1546365600,79.0,5.21,-4.42,86.0,5.82
382,poddorye,92.0,RU,1546367473,91.0,57.47,31.12,33.41,23.17
383,sovetskiy,24.0,RU,1546367474,82.0,56.76,48.47,9.92,12.21
384,jiuquan,8.0,CN,1546367476,45.0,39.73,98.49,-6.42,1.7
385,vardo,75.0,US,1546366500,56.0,39.62,-77.74,55.4,13.87
386,morehead,75.0,US,1546366500,81.0,38.18,-83.43,48.02,3.36
387,waipawa,0.0,NZ,1546367479,91.0,-39.94,176.59,60.32,6.17
388,avon lake,90.0,US,1546365240,79.0,41.51,-82.02,39.02,5.82
389,bonga,8.0,ET,1546367482,88.0,7.26,36.25,60.41,1.92
390,okhansk,90.0,RU,1546365600,85.0,57.72,55.39,12.2,11.18
391,sar-e pul,92.0,AF,1546367484,98.0,36.22,65.93,33.45,1.92
392,labuan,75.0,BN,1546365600,94.0,5.28,115.24,77.0,3.36
393,rapid valley,1.0,US,1546366500,90.0,44.06,-103.15,8.6,11.41
394,praia,40.0,BR,1546362000,78.0,-20.25,-43.81,73.4,4.7
395,dongsheng,56.0,CN,1546367489,92.0,29.72,112.52,28.5,5.73
396,mitu,0.0,IR,1546367490,80.0,36.2,46.09,16.31,1.7
397,ponta delgada,40.0,PT,1546365600,93.0,37.73,-25.67,62.6,13.87
399,serra,0.0,BR,1546365600,70.0,-20.13,-40.31,87.8,17.22
400,roald,40.0,NO,1546365000,69.0,62.58,6.12,37.4,26.4
401,itoman,75.0,JP,1546365600,68.0,26.12,127.67,64.4,8.05
402,kavaratti,0.0,IN,1546367497,100.0,10.57,72.64,83.13,2.26
403,la reforma,20.0,GT,1546365600,48.0,14.8,-91.82,87.8,4.7
404,nieuw amsterdam,40.0,SR,1546365600,78.0,5.88,-55.08,84.2,6.93
405,rawson,0.0,AR,1546367501,22.0,-43.3,-65.11,71.93,14.67
406,ilulissat,75.0,GL,1546365000,54.0,69.22,-51.1,30.2,20.8
407,atar,0.0,MR,1546365600,11.0,20.52,-13.05,84.2,11.41
408,zaqatala,0.0,AZ,1546365600,64.0,41.63,46.65,39.2,4.7
409,faya,20.0,SA,1546362000,42.0,18.39,42.45,62.6,4.7
410,faanui,88.0,PF,1546367507,97.0,-16.48,-151.75,84.71,13.11
411,avera,90.0,US,1546366500,86.0,33.19,-82.53,75.2,10.29
412,broome,40.0,GB,1546367220,81.0,52.47,1.45,42.8,10.29
413,lorengau,88.0,PG,1546367511,100.0,-2.02,147.27,83.31,16.13
415,port augusta,0.0,AU,1546365600,72.0,-32.49,137.76,68.0,13.87
416,lagos,8.0,NG,1546365600,70.0,6.46,3.39,86.0,5.82
417,fairview,1.0,US,1546366500,46.0,40.81,-74,57.2,21.92
419,hoquiam,1.0,US,1546365720,100.0,46.98,-123.89,33.98,5.82
421,makokou,8.0,GA,1546367517,90.0,0.56,12.85,75.26,2.48
422,egvekinot,76.0,RU,1546367518,64.0,66.32,-179.17,-9.8,4.61
423,ihosy,44.0,MG,1546367519,85.0,-22.4,46.13,68.69,4.16
425,clyde river,1.0,CA,1546365600,63.0,70.47,-68.59,-11.21,5.82
426,salalah,40.0,OM,1546365000,69.0,17.01,54.1,77.0,4.7
427,teguldet,68.0,RU,1546367523,75.0,57.31,88.17,5.78,6.29
428,christchurch,0.0,NZ,1546365600,100.0,-43.53,172.64,60.8,3.36
429,nizhniy kuranakh,0.0,RU,1546367525,57.0,58.84,125.49,-2.37,6.62
430,sao joao da barra,0.0,BR,1546365600,55.0,-21.64,-41.05,89.6,16.11
431,port-gentil,75.0,GA,1546365600,88.0,-0.72,8.78,80.6,4.7
432,belene,75.0,BG,1546365600,86.0,43.65,25.12,33.8,6.51
433,nagua,40.0,DO,1546365600,69.0,19.37,-69.85,84.2,17.22
434,lompoc,1.0,US,1546366500,48.0,34.64,-120.46,55.04,6.93
435,gladstone,40.0,AU,1546365600,78.0,-23.84,151.26,73.4,5.82
436,sogne,0.0,NO,1546365000,44.0,58.08,7.82,41.0,21.92
437,nowy tomysl,20.0,PL,1546365600,93.0,52.32,16.13,39.2,20.8
439,comarapa,48.0,BO,1546367538,76.0,-17.91,-64.53,72.06,3.15
440,tiruvallur,75.0,IN,1546365600,73.0,13.15,79.92,73.4,5.82
441,surakarta,68.0,ID,1546367541,100.0,-7.57,110.83,68.87,1.92
442,yumen,0.0,CN,1546367542,47.0,40.29,97.04,-5.75,1.48
444,wanlaweyn,44.0,SO,1546367543,55.0,2.62,44.89,85.2,12.66
445,negombo,0.0,LK,1546362600,73.0,7.21,79.83,77.0,12.75
446,bartica,40.0,GY,1546365600,65.0,6.41,-58.62,82.4,11.41
447,geraldton,20.0,CA,1546365600,64.0,49.72,-86.95,-4.01,9.17
448,maniitsoq,76.0,GL,1546367548,92.0,65.42,-52.9,25.22,9.42
449,kamenka,64.0,RU,1546367550,84.0,53.19,44.05,12.71,10.42
450,chingola,32.0,ZM,1546367551,80.0,-12.55,27.86,72.06,3.71
451,vacaria,0.0,BR,1546367552,58.0,-28.51,-50.94,89.21,4.16
452,shangqiu,68.0,CN,1546367554,59.0,34.42,115.65,17.88,4.5
453,blythe,1.0,US,1546365120,20.0,33.61,-114.59,48.02,25.28
454,eufaula,75.0,US,1546366500,100.0,31.89,-85.15,73.94,5.82
455,berdigestyakh,44.0,RU,1546367557,70.0,62.1,126.7,-1.92,7.74
456,flin flon,90.0,CA,1546365600,76.0,54.77,-101.88,-11.21,9.17
457,wagar,76.0,US,1546367559,87.0,31.44,-87.99,69.9,3.6
458,tutoia,20.0,BR,1546365600,49.0,-2.76,-42.27,89.6,19.46
459,lethem,0.0,GY,1546367562,37.0,3.38,-59.8,94.56,16.13
461,college,75.0,US,1546365480,59.0,64.86,-147.8,35.06,10.29
462,manitouwadge,40.0,CA,1546365600,64.0,49.12,-85.84,-0.41,3.36
463,chupaca,64.0,PE,1546367565,82.0,-12.06,-75.29,51.9,2.37
464,pasni,0.0,PK,1546367433,96.0,25.26,63.48,73.46,14.12
465,coquimbo,0.0,CL,1546365600,60.0,-29.95,-71.34,68.0,14.99
466,havelock,75.0,US,1546365480,71.0,34.88,-76.9,77.0,14.99
467,sao filipe,8.0,CV,1546367569,82.0,14.9,-24.5,77.69,11.54
468,humaita,90.0,AR,1546365600,69.0,-24.93,-65.37,80.6,10.29
469,luderitz,0.0,NA,1546367572,72.0,-26.65,15.16,64.73,23.4
470,ixtapa,90.0,MX,1546364640,69.0,20.71,-105.21,73.4,1.7
471,usakos,0.0,NA,1546367574,75.0,-22.0,15.59,75.89,6.62
472,dryden,1.0,CA,1546365600,69.0,49.79,-92.84,-9.41,6.93
473,dongying,0.0,CN,1546367576,61.0,37.43,118.67,8.21,4.94
474,cotonou,8.0,BJ,1546365600,70.0,6.37,2.43,84.2,6.93
475,the valley,20.0,AI,1546365600,54.0,18.22,-63.06,82.4,14.99
477,shaoyang,92.0,CN,1546367580,97.0,27.23,111.45,29.45,2.59
478,dossor,92.0,KZ,1546367581,91.0,47.52,52.98,18.51,11.65
479,goderich,56.0,CA,1546367582,89.0,43.74,-81.71,29.0,12.88
480,codrington,44.0,AU,1546365600,93.0,-28.95,153.24,64.4,5.82
481,mpika,0.0,ZM,1546367585,78.0,-11.84,31.4,69.18,4.94
482,ambunti,92.0,PG,1546367586,100.0,-4.22,142.82,73.68,2.37
483,anadyr,76.0,RU,1546365600,75.0,64.73,177.51,-16.61,11.18
484,masuguru,68.0,MZ,1546367588,73.0,-11.38,38.46,82.55,7.74
485,requena,0.0,ES,1546365600,93.0,39.49,-1.1,50.0,3.36
486,inhambane,40.0,MZ,1546362000,83.0,-23.87,35.38,80.6,6.93
487,chicama,20.0,PE,1546365600,73.0,-7.84,-79.15,77.0,10.29
488,petropavlovsk-kamchatskiy,32.0,RU,1546365600,59.0,53.05,158.65,-0.41,6.71
489,marawi,48.0,PH,1546367594,96.0,8.0,124.29,63.02,2.15
490,port hardy,90.0,CA,1546365600,93.0,50.7,-127.42,39.2,14.99
491,manzhouli,36.0,CN,1546367597,49.0,49.6,117.43,-18.17,3.38
492,eidsvag,75.0,NO,1546365000,69.0,62.78,8.07,37.4,51.67
494,sefophe,64.0,BW,1546367599,62.0,-22.18,27.97,78.63,5.61
495,okhotsk,0.0,RU,1546367600,100.0,59.36,143.24,-18.08,7.29
496,gizo,0.0,IL,1546366800,71.0,31.8,34.94,59.0,5.82
497,cabedelo,40.0,BR,1546365600,62.0,-6.97,-34.84,86.0,14.99
498,musoma,48.0,TZ,1546367604,99.0,-1.5,33.81,70.53,4.5
499,tuy hoa,92.0,VN,1546367605,100.0,13.08,109.3,71.3,18.7
501,phalaborwa,56.0,ZA,1546367606,62.0,-23.95,31.14,82.05,3.94
502,maceio,40.0,BR,1546365600,62.0,-9.67,-35.74,86.0,9.17
504,praia da vitoria,40.0,PT,1546365600,88.0,38.73,-27.07,62.6,24.52
506,kautokeino,0.0,NO,1546367610,76.0,69.01,23.04,16.94,8.75
507,polson,90.0,US,1546365300,84.0,47.69,-114.16,19.04,1.7
508,barsovo,40.0,RU,1546365600,84.0,61.17,73.17,-0.41,6.71
509,coatzacoalcos,20.0,MX,1546365360,94.0,18.14,-94.45,80.6,17.22
510,traverse city,90.0,US,1546366560,71.0,44.76,-85.62,22.28,11.41
511,tigil,36.0,RU,1546367615,62.0,57.8,158.67,-13.94,2.82
512,husum,80.0,DE,1546363200,69.0,54.49,9.05,41.0,33.33
513,bonthe,0.0,SL,1546367618,37.0,7.53,-12.5,93.26,1.48
514,haines junction,76.0,CA,1546367619,68.0,60.75,-137.51,6.77,2.59
515,pontonnyy,90.0,RU,1546365600,93.0,59.78,30.63,33.8,11.18
516,lukow,88.0,PL,1546367621,96.0,51.93,22.38,38.63,20.27
517,carinhanha,0.0,BR,1546367622,68.0,-14.3,-43.77,88.4,5.61
518,ruyigi,8.0,BI,1546367623,91.0,-3.47,30.25,59.91,2.59
519,halifax,90.0,CA,1546365600,100.0,44.65,-63.58,33.8,19.46
520,hasaki,20.0,JP,1546365600,100.0,35.73,140.83,32.0,8.05
521,itapirapua,32.0,BR,1546367627,79.0,-15.82,-50.61,84.75,4.38
522,bati,0.0,ET,1546367628,61.0,11.19,40.02,60.23,4.38
525,kyshtovka,68.0,RU,1546367629,72.0,56.56,76.62,-2.19,9.53
526,hov,75.0,SE,1546365000,80.0,56.9,14.81,39.2,18.34
527,kawalu,36.0,ID,1546367632,95.0,-7.38,108.21,64.23,1.92
528,saint-augustin,90.0,FR,1546365600,87.0,44.83,-0.61,44.6,4.7
529,drovyanaya,0.0,RU,1546365600,74.0,51.58,113.05,-25.61,2.24
530,makat,88.0,KZ,1546367635,92.0,47.65,53.35,18.38,11.65
531,adrar,0.0,DZ,1546365600,37.0,27.87,-0.29,59.0,10.29
532,fort dix,1.0,US,1546365360,54.0,40.03,-74.62,57.92,13.87
533,bowen,75.0,AU,1546365600,88.0,-20.01,148.25,73.4,6.93
534,ola,36.0,RU,1546367640,100.0,59.58,151.3,6.36,2.93
535,nantucket,1.0,US,1546365360,80.0,41.28,-70.1,60.98,23.04
536,trairi,44.0,BR,1546367643,100.0,-3.28,-39.27,80.39,16.46
538,loukhi,92.0,RU,1546367644,83.0,66.08,33.04,22.97,11.88
540,chapais,75.0,CA,1546365600,69.0,49.78,-74.86,-9.41,9.17
541,seymchan,48.0,RU,1546367647,57.0,62.93,152.39,-33.47,2.59
542,mitsamiouli,75.0,KM,1546365600,88.0,-11.38,43.28,78.8,5.82
543,mount isa,0.0,AU,1546365600,30.0,-20.73,139.49,69.8,4.94
544,arvin,1.0,US,1546365600,76.0,35.21,-118.83,39.92,3.36
545,clarence town,0.0,AU,1546365600,88.0,-32.59,151.78,68.0,4.7
547,quesnel,90.0,CA,1546366680,86.0,52.98,-122.49,28.4,12.75
549,isla mujeres,40.0,MX,1546364580,78.0,21.23,-86.73,75.2,18.34
550,blyth,40.0,GB,1546366800,64.0,55.12,-1.5,42.8,6.93
551,hambantota,0.0,LK,1546367656,100.0,6.12,81.12,78.05,18.14
552,athabasca,48.0,CA,1546367657,81.0,54.72,-113.29,27.29,13.22
553,lerwick,32.0,GB,1546366800,55.0,60.15,-1.15,39.2,17.22
554,onega,92.0,RU,1546367659,87.0,63.91,38.09,27.78,10.65
555,vestmannaeyjar,90.0,IS,1546365600,64.0,63.44,-20.27,37.4,32.21
557,puerto escondido,5.0,MX,1546364700,45.0,15.86,-97.07,86.0,4.38
558,hinton,76.0,CA,1546367461,67.0,53.4,-117.57,29.9,6.29
559,colombo,0.0,LK,1546362600,73.0,6.93,79.85,77.0,12.75
560,sawakin,92.0,SD,1546367665,100.0,19.1,37.33,73.1,2.48
561,bourail,56.0,NC,1546367666,92.0,-21.57,165.5,71.48,4.83
562,bubaque,8.0,GW,1546367667,84.0,11.28,-15.83,86.01,3.49
563,pontes e lacerda,68.0,BR,1546367668,82.0,-15.23,-59.33,82.41,8.3
564,wabana,75.0,CA,1546365600,72.0,47.63,-52.95,17.6,6.93
565,carauari,36.0,BR,1546367671,78.0,-4.88,-66.9,84.3,3.71
566,sarkand,44.0,KZ,1546367672,80.0,45.41,79.91,4.83,2.59
567,palanga,64.0,RO,1546367673,84.0,44.45,25.08,30.66,8.97
568,ambon,90.0,FR,1546365600,81.0,47.55,-2.56,48.2,9.17
569,isiro,12.0,CD,1546367675,96.0,2.77,27.62,70.85,1.14
571,srednekolymsk,64.0,RU,1546367677,72.0,67.46,153.71,-10.92,5.17
572,mareeba,75.0,AU,1546365600,88.0,-16.99,145.42,75.2,11.41
573,severnoye,80.0,RU,1546367679,77.0,54.09,52.54,-0.53,7.63
574,rocha,56.0,UY,1546367590,65.0,-34.48,-54.34,85.16,11.99
576,alekseyevsk,0.0,RU,1546367681,54.0,57.84,108.35,-32.12,2.37
577,dudinka,80.0,RU,1546367682,86.0,69.41,86.18,8.88,21.05
578,verkhnyaya maksakovka,90.0,RU,1546365600,85.0,61.63,50.97,21.2,11.18
579,husavik,0.0,CA,1546367685,69.0,50.56,-96.99,-15.83,10.65
580,sosnovo-ozerskoye,12.0,RU,1546367686,48.0,52.53,111.54,-31.35,2.82
581,imbituba,75.0,BR,1546365600,66.0,-28.24,-48.67,86.0,12.75
582,grand gaube,75.0,MU,1546365600,94.0,-20.01,57.66,77.0,2.24
583,bemidji,1.0,US,1546366560,64.0,47.48,-94.89,-7.61,4.61
584,venice,20.0,US,1546366500,69.0,27.1,-82.45,80.6,11.41
585,isabela,64.0,PH,1546367691,97.0,10.2,122.99,74.58,4.05
586,hauge,36.0,NO,1546365000,44.0,59.25,10.99,41.0,23.04
587,santiago del estero,8.0,AR,1546367457,61.0,-27.8,-64.26,93.26,10.87
588,rantauprapat,12.0,ID,1546367695,82.0,2.1,99.83,73.05,2.59
589,alyangula,76.0,AU,1546365600,94.0,-13.85,136.42,80.6,11.21
590,salacgriva,88.0,LV,1546367697,94.0,57.75,24.36,36.92,12.88
591,laguna,75.0,MX,1546364400,31.0,27.52,-110.01,60.8,5.82
592,san vicente,0.0,SV,1546365000,32.0,13.64,-88.78,95.0,13.87
593,dickinson,1.0,US,1546365360,62.0,46.88,-102.79,6.98,19.46
594,amberley,0.0,NZ,1546365600,100.0,-43.15,172.73,60.8,3.36
595,jawhar,0.0,IN,1546367704,78.0,19.91,73.23,55.46,2.59
596,pacific grove,1.0,US,1546366500,36.0,36.62,-121.92,48.02,5.82
597,maningrida,68.0,AU,1546367593,86.0,-12.05,134.23,83.58,17.92
598,bereda,0.0,ES,1546365600,87.0,43.27,-7.54,48.2,1.12
